{
    "camera_model": "OPENCV",
    "orientation_override": "none",
    "frames": [
        {
            "fl_x": 1024.0,
            "fl_y": 1024.0,
            "cx": 512.0,
            "cy": 512.0,
            "w": 1024,
            "h": 1024,
            "file_path": "./images/frame_00000.jpg",
            "transform_matrix": [
                [
                    1.0,
                    0.0,
                    0.0,
                    0.056589849293231964
                ],
                [
                    0.0,
                    1.0,
                    0.0,
                    0.0
                ],
                [
                    0.0,
                    0.0,
                    1.0,
                    0.942942701280117
                ],
                [
                    0.0,
                    0.0,
                    0.0,
                    1.0
                ]
            ]
        },
        {
            "fl_x": 1024.0,
            "fl_y": 1024.0,
            "cx": 512.0,
            "cy": 512.0,
            "w": 1024,
            "h": 1024,
            "file_path": "./images/frame_00001.jpg",
            "transform_matrix": [
                [
                    0.9975640502598242,
                    0.0,
                    0.0697564737441253,
                    0.12634632303735727
                ],
                [
                    0.0,
                    0.9999999999999998,
                    0.0,
                    0.0
                ],
                [
                    -0.0697564737441253,
                    0.0,
                    0.9975640502598241,
                    0.9405067515399411
                ],
                [
                    0.0,
                    0.0,
                    0.0,
                    1.0
                ]
            ]
        },
        {
            "fl_x": 1024.0,
            "fl_y": 1024.0,
            "cx": 512.0,
            "cy": 512.0,
            "w": 1024,
            "h": 1024,
            "file_path": "./images/frame_00002.jpg",
            "transform_matrix": [
                [
                    0.9902680687415703,
                    0.0,
                    0.13917310096006544,
                    0.1957629502532974
                ],
                [
                    0.0,
                    0.9999999999999998,
                    0.0,
                    0.0
                ],
                [
                    -0.13917310096006544,
                    0.0,
                    0.9902680687415704,
                    0.9332107700216874
                ],
                [
                    0.0,
                    0.0,
                    0.0,
                    1.0
                ]
            ]
        },
        {
            "fl_x": 1024.0,
            "fl_y": 1024.0,
            "cx": 512.0,
            "cy": 512.0,
            "w": 1024,
            "h": 1024,
            "file_path": "./images/frame_00003.jpg",
            "transform_matrix": [
                [
                    0.9781476007338056,
                    0.0,
                    0.20791169081775934,
                    0.2645015401109913
                ],
                [
                    0.0,
                    0.9999999999999998,
                    0.0,
                    0.0
                ],
                [
                    -0.20791169081775934,
                    0.0,
                    0.9781476007338057,
                    0.9210903020139228
                ],
                [
                    0.0,
                    0.0,
                    0.0,
                    1.0
                ]
            ]
        },
        {
            "fl_x": 1024.0,
            "fl_y": 1024.0,
            "cx": 512.0,
            "cy": 512.0,
            "w": 1024,
            "h": 1024,
            "file_path": "./images/frame_00004.jpg",
            "transform_matrix": [
                [
                    0.9612616959383189,
                    0.0,
                    0.27563735581699916,
                    0.3322272051102311
                ],
                [
                    0.0,
                    1.0,
                    0.0,
                    0.0
                ],
                [
                    -0.27563735581699916,
                    0.0,
                    0.9612616959383189,
                    0.9042043972184359
                ],
                [
                    0.0,
                    0.0,
                    0.0,
                    1.0
                ]
            ]
        },
        {
            "fl_x": 1024.0,
            "fl_y": 1024.0,
            "cx": 512.0,
            "cy": 512.0,
            "w": 1024,
            "h": 1024,
            "file_path": "./images/frame_00005.jpg",
            "transform_matrix": [
                [
                    0.9396926207859084,
                    0.0,
                    0.3420201433256687,
                    0.39860999261890073
                ],
                [
                    0.0,
                    1.0,
                    0.0,
                    0.0
                ],
                [
                    -0.3420201433256687,
                    0.0,
                    0.9396926207859084,
                    0.8826353220660257
                ],
                [
                    0.0,
                    0.0,
                    0.0,
                    1.0
                ]
            ]
        },
        {
            "fl_x": 1024.0,
            "fl_y": 1024.0,
            "cx": 512.0,
            "cy": 512.0,
            "w": 1024,
            "h": 1024,
            "file_path": "./images/frame_00006.jpg",
            "transform_matrix": [
                [
                    0.9135454576426009,
                    0.0,
                    0.40673664307580026,
                    0.4633264923690322
                ],
                [
                    0.0,
                    0.9999999999999998,
                    0.0,
                    0.0
                ],
                [
                    -0.40673664307580015,
                    0.0,
                    0.9135454576426009,
                    0.8564881589227179
                ],
                [
                    0.0,
                    0.0,
                    0.0,
                    1.0
                ]
            ]
        },
        {
            "fl_x": 1024.0,
            "fl_y": 1024.0,
            "cx": 512.0,
            "cy": 512.0,
            "w": 1024,
            "h": 1024,
            "file_path": "./images/frame_00007.jpg",
            "transform_matrix": [
                [
                    0.882947592858927,
                    0.0,
                    0.4694715627858907,
                    0.5260614120791227
                ],
                [
                    0.0,
                    1.0,
                    0.0,
                    0.0
                ],
                [
                    -0.46947156278589064,
                    0.0,
                    0.8829475928589269,
                    0.8258902941390439
                ],
                [
                    0.0,
                    0.0,
                    0.0,
                    1.0
                ]
            ]
        },
        {
            "fl_x": 1024.0,
            "fl_y": 1024.0,
            "cx": 512.0,
            "cy": 512.0,
            "w": 1024,
            "h": 1024,
            "file_path": "./images/frame_00008.jpg",
            "transform_matrix": [
                [
                    0.8480480961564261,
                    0.0,
                    0.5299192642332049,
                    0.5865091135264368
                ],
                [
                    0.0,
                    1.0,
                    0.0,
                    0.0
                ],
                [
                    -0.5299192642332049,
                    0.0,
                    0.848048096156426,
                    0.7909907974365429
                ],
                [
                    0.0,
                    0.0,
                    0.0,
                    1.0
                ]
            ]
        },
        {
            "fl_x": 1024.0,
            "fl_y": 1024.0,
            "cx": 512.0,
            "cy": 512.0,
            "w": 1024,
            "h": 1024,
            "file_path": "./images/frame_00009.jpg",
            "transform_matrix": [
                [
                    0.8090169943749475,
                    0.0,
                    0.5877852522924731,
                    0.6443751015857052
                ],
                [
                    0.0,
                    1.0,
                    0.0,
                    0.0
                ],
                [
                    -0.5877852522924731,
                    0.0,
                    0.8090169943749475,
                    0.7519596956550646
                ],
                [
                    0.0,
                    0.0,
                    0.0,
                    1.0
                ]
            ]
        },
        {
            "fl_x": 1024.0,
            "fl_y": 1024.0,
            "cx": 512.0,
            "cy": 512.0,
            "w": 1024,
            "h": 1024,
            "file_path": "./images/frame_00010.jpg",
            "transform_matrix": [
                [
                    0.7660444431189779,
                    0.0,
                    0.6427876096865393,
                    0.6993774589797713
                ],
                [
                    0.0,
                    1.0,
                    0.0,
                    0.0
                ],
                [
                    -0.6427876096865393,
                    0.0,
                    0.766044443118978,
                    0.7089871443990952
                ],
                [
                    0.0,
                    0.0,
                    0.0,
                    1.0
                ]
            ]
        },
        {
            "fl_x": 1024.0,
            "fl_y": 1024.0,
            "cx": 512.0,
            "cy": 512.0,
            "w": 1024,
            "h": 1024,
            "file_path": "./images/frame_00011.jpg",
            "transform_matrix": [
                [
                    0.7193398003386512,
                    0.0,
                    0.6946583704589973,
                    0.7512482197522294
                ],
                [
                    0.0,
                    1.0,
                    0.0,
                    0.0
                ],
                [
                    -0.6946583704589973,
                    0.0,
                    0.7193398003386512,
                    0.6622825016187683
                ],
                [
                    0.0,
                    0.0,
                    0.0,
                    1.0
                ]
            ]
        },
        {
            "fl_x": 1024.0,
            "fl_y": 1024.0,
            "cx": 512.0,
            "cy": 512.0,
            "w": 1024,
            "h": 1024,
            "file_path": "./images/frame_00012.jpg",
            "transform_matrix": [
                [
                    0.6691306063588582,
                    0.0,
                    0.7431448254773941,
                    0.7997346747706262
                ],
                [
                    0.0,
                    1.0,
                    0.0,
                    0.0
                ],
                [
                    -0.7431448254773942,
                    0.0,
                    0.6691306063588582,
                    0.6120733076389754
                ],
                [
                    0.0,
                    0.0,
                    0.0,
                    1.0
                ]
            ]
        },
        {
            "fl_x": 1024.0,
            "fl_y": 1024.0,
            "cx": 512.0,
            "cy": 512.0,
            "w": 1024,
            "h": 1024,
            "file_path": "./images/frame_00013.jpg",
            "transform_matrix": [
                [
                    0.6156614753256582,
                    0.0,
                    0.7880107536067218,
                    0.8446006028999539
                ],
                [
                    0.0,
                    1.0,
                    0.0,
                    0.0
                ],
                [
                    -0.7880107536067219,
                    0.0,
                    0.6156614753256583,
                    0.5586041766057754
                ],
                [
                    0.0,
                    0.0,
                    0.0,
                    1.0
                ]
            ]
        },
        {
            "fl_x": 1024.0,
            "fl_y": 1024.0,
            "cx": 512.0,
            "cy": 512.0,
            "w": 1024,
            "h": 1024,
            "file_path": "./images/frame_00014.jpg",
            "transform_matrix": [
                [
                    0.5591929034707468,
                    0.0,
                    0.8290375725550417,
                    0.8856274218482737
                ],
                [
                    0.0,
                    1.0,
                    0.0,
                    0.0
                ],
                [
                    -0.8290375725550417,
                    0.0,
                    0.5591929034707468,
                    0.5021356047508639
                ],
                [
                    0.0,
                    0.0,
                    0.0,
                    1.0
                ]
            ]
        },
        {
            "fl_x": 1024.0,
            "fl_y": 1024.0,
            "cx": 512.0,
            "cy": 512.0,
            "w": 1024,
            "h": 1024,
            "file_path": "./images/frame_00015.jpg",
            "transform_matrix": [
                [
                    0.5000000000000001,
                    0.0,
                    0.8660254037844386,
                    0.9226152530776704
                ],
                [
                    0.0,
                    1.0,
                    0.0,
                    0.0
                ],
                [
                    -0.8660254037844385,
                    0.0,
                    0.5000000000000001,
                    0.44294270128011715
                ],
                [
                    0.0,
                    0.0,
                    0.0,
                    1.0
                ]
            ]
        },
        {
            "fl_x": 1024.0,
            "fl_y": 1024.0,
            "cx": 512.0,
            "cy": 512.0,
            "w": 1024,
            "h": 1024,
            "file_path": "./images/frame_00016.jpg",
            "transform_matrix": [
                [
                    0.4383711467890774,
                    0.0,
                    0.898794046299167,
                    0.955383895592399
                ],
                [
                    0.0,
                    1.0,
                    0.0,
                    0.0
                ],
                [
                    -0.8987940462991669,
                    0.0,
                    0.43837114678907735,
                    0.38131384806919444
                ],
                [
                    0.0,
                    0.0,
                    0.0,
                    1.0
                ]
            ]
        },
        {
            "fl_x": 1024.0,
            "fl_y": 1024.0,
            "cx": 512.0,
            "cy": 512.0,
            "w": 1024,
            "h": 1024,
            "file_path": "./images/frame_00017.jpg",
            "transform_matrix": [
                [
                    0.374606593415912,
                    0.0,
                    0.9271838545667874,
                    0.9837737038600194
                ],
                [
                    0.0,
                    1.0,
                    0.0,
                    0.0
                ],
                [
                    -0.9271838545667875,
                    0.0,
                    0.37460659341591196,
                    0.31754929469602894
                ],
                [
                    0.0,
                    0.0,
                    0.0,
                    1.0
                ]
            ]
        },
        {
            "fl_x": 1024.0,
            "fl_y": 1024.0,
            "cx": 512.0,
            "cy": 512.0,
            "w": 1024,
            "h": 1024,
            "file_path": "./images/frame_00018.jpg",
            "transform_matrix": [
                [
                    0.30901699437494745,
                    0.0,
                    0.9510565162951535,
                    1.0076463655883856
                ],
                [
                    0.0,
                    0.9999999999999998,
                    0.0,
                    0.0
                ],
                [
                    -0.9510565162951536,
                    0.0,
                    0.30901699437494745,
                    0.25195969565506454
                ],
                [
                    0.0,
                    0.0,
                    0.0,
                    1.0
                ]
            ]
        },
        {
            "fl_x": 1024.0,
            "fl_y": 1024.0,
            "cx": 512.0,
            "cy": 512.0,
            "w": 1024,
            "h": 1024,
            "file_path": "./images/frame_00019.jpg",
            "transform_matrix": [
                [
                    0.24192189559966773,
                    0.0,
                    0.9702957262759965,
                    1.0268855755692283
                ],
                [
                    0.0,
                    1.0,
                    0.0,
                    0.0
                ],
                [
                    -0.9702957262759966,
                    0.0,
                    0.24192189559966773,
                    0.18486459687978476
                ],
                [
                    0.0,
                    0.0,
                    0.0,
                    1.0
                ]
            ]
        },
        {
            "fl_x": 1024.0,
            "fl_y": 1024.0,
            "cx": 512.0,
            "cy": 512.0,
            "w": 1024,
            "h": 1024,
            "file_path": "./images/frame_00020.jpg",
            "transform_matrix": [
                [
                    0.1736481776669304,
                    0.0,
                    0.984807753012208,
                    1.04139760230544
                ],
                [
                    0.0,
                    0.9999999999999998,
                    0.0,
                    0.0
                ],
                [
                    -0.9848077530122079,
                    0.0,
                    0.1736481776669304,
                    0.11659087894704742
                ],
                [
                    0.0,
                    0.0,
                    0.0,
                    1.0
                ]
            ]
        },
        {
            "fl_x": 1024.0,
            "fl_y": 1024.0,
            "cx": 512.0,
            "cy": 512.0,
            "w": 1024,
            "h": 1024,
            "file_path": "./images/frame_00021.jpg",
            "transform_matrix": [
                [
                    0.10452846326765346,
                    0.0,
                    0.9945218953682733,
                    1.0511117446615053
                ],
                [
                    0.0,
                    0.9999999999999998,
                    0.0,
                    0.0
                ],
                [
                    -0.9945218953682733,
                    0.0,
                    0.10452846326765347,
                    0.04747116454777048
                ],
                [
                    0.0,
                    0.0,
                    0.0,
                    1.0
                ]
            ]
        },
        {
            "fl_x": 1024.0,
            "fl_y": 1024.0,
            "cx": 512.0,
            "cy": 512.0,
            "w": 1024,
            "h": 1024,
            "file_path": "./images/frame_00022.jpg",
            "transform_matrix": [
                [
                    0.03489949670250107,
                    0.0,
                    0.9993908270190955,
                    1.0559806763123278
                ],
                [
                    0.0,
                    0.9999999999999998,
                    0.0,
                    0.0
                ],
                [
                    -0.9993908270190957,
                    0.0,
                    0.03489949670250107,
                    -0.02215780201738189
                ],
                [
                    0.0,
                    0.0,
                    0.0,
                    1.0
                ]
            ]
        },
        {
            "fl_x": 1024.0,
            "fl_y": 1024.0,
            "cx": 512.0,
            "cy": 512.0,
            "w": 1024,
            "h": 1024,
            "file_path": "./images/frame_00023.jpg",
            "transform_matrix": [
                [
                    -0.03489949670250094,
                    0.0,
                    0.9993908270190955,
                    1.0559806763123278
                ],
                [
                    0.0,
                    0.9999999999999998,
                    0.0,
                    0.0
                ],
                [
                    -0.9993908270190957,
                    0.0,
                    -0.03489949670250094,
                    -0.09195679542238393
                ],
                [
                    0.0,
                    0.0,
                    0.0,
                    1.0
                ]
            ]
        },
        {
            "fl_x": 1024.0,
            "fl_y": 1024.0,
            "cx": 512.0,
            "cy": 512.0,
            "w": 1024,
            "h": 1024,
            "file_path": "./images/frame_00024.jpg",
            "transform_matrix": [
                [
                    -0.10452846326765355,
                    0.0,
                    0.9945218953682733,
                    1.0511117446615053
                ],
                [
                    0.0,
                    0.9999999999999998,
                    0.0,
                    0.0
                ],
                [
                    -0.9945218953682733,
                    0.0,
                    -0.10452846326765357,
                    -0.16158576198753655
                ],
                [
                    0.0,
                    0.0,
                    0.0,
                    1.0
                ]
            ]
        },
        {
            "fl_x": 1024.0,
            "fl_y": 1024.0,
            "cx": 512.0,
            "cy": 512.0,
            "w": 1024,
            "h": 1024,
            "file_path": "./images/frame_00025.jpg",
            "transform_matrix": [
                [
                    -0.17364817766693028,
                    0.0,
                    0.984807753012208,
                    1.04139760230544
                ],
                [
                    0.0,
                    0.9999999999999998,
                    0.0,
                    0.0
                ],
                [
                    -0.9848077530122079,
                    0.0,
                    -0.17364817766693028,
                    -0.23070547638681327
                ],
                [
                    0.0,
                    0.0,
                    0.0,
                    1.0
                ]
            ]
        },
        {
            "fl_x": 1024.0,
            "fl_y": 1024.0,
            "cx": 512.0,
            "cy": 512.0,
            "w": 1024,
            "h": 1024,
            "file_path": "./images/frame_00026.jpg",
            "transform_matrix": [
                [
                    -0.2419218955996678,
                    0.0,
                    0.9702957262759964,
                    1.0268855755692285
                ],
                [
                    0.0,
                    1.0,
                    0.0,
                    0.0
                ],
                [
                    -0.9702957262759964,
                    0.0,
                    -0.24192189559966784,
                    -0.29897919431955083
                ],
                [
                    0.0,
                    0.0,
                    0.0,
                    1.0
                ]
            ]
        },
        {
            "fl_x": 1024.0,
            "fl_y": 1024.0,
            "cx": 512.0,
            "cy": 512.0,
            "w": 1024,
            "h": 1024,
            "file_path": "./images/frame_00027.jpg",
            "transform_matrix": [
                [
                    -0.30901699437494734,
                    0.0,
                    0.9510565162951535,
                    1.0076463655883856
                ],
                [
                    0.0,
                    1.0,
                    0.0,
                    0.0
                ],
                [
                    -0.9510565162951536,
                    0.0,
                    -0.30901699437494734,
                    -0.3660742930948303
                ],
                [
                    0.0,
                    0.0,
                    0.0,
                    1.0
                ]
            ]
        },
        {
            "fl_x": 1024.0,
            "fl_y": 1024.0,
            "cx": 512.0,
            "cy": 512.0,
            "w": 1024,
            "h": 1024,
            "file_path": "./images/frame_00028.jpg",
            "transform_matrix": [
                [
                    -0.374606593415912,
                    0.0,
                    0.9271838545667873,
                    0.9837737038600195
                ],
                [
                    0.0,
                    1.0,
                    0.0,
                    0.0
                ],
                [
                    -0.9271838545667873,
                    0.0,
                    -0.374606593415912,
                    -0.43166389213579504
                ],
                [
                    0.0,
                    0.0,
                    0.0,
                    1.0
                ]
            ]
        },
        {
            "fl_x": 1024.0,
            "fl_y": 1024.0,
            "cx": 512.0,
            "cy": 512.0,
            "w": 1024,
            "h": 1024,
            "file_path": "./images/frame_00029.jpg",
            "transform_matrix": [
                [
                    -0.4383711467890775,
                    0.0,
                    0.8987940462991668,
                    0.9553838955923989
                ],
                [
                    0.0,
                    0.9999999999999998,
                    0.0,
                    0.0
                ],
                [
                    -0.8987940462991669,
                    0.0,
                    -0.4383711467890775,
                    -0.4954284455089606
                ],
                [
                    0.0,
                    0.0,
                    0.0,
                    1.0
                ]
            ]
        },
        {
            "fl_x": 1024.0,
            "fl_y": 1024.0,
            "cx": 512.0,
            "cy": 512.0,
            "w": 1024,
            "h": 1024,
            "file_path": "./images/frame_00030.jpg",
            "transform_matrix": [
                [
                    -0.4999999999999997,
                    0.0,
                    0.8660254037844387,
                    0.9226152530776708
                ],
                [
                    0.0,
                    0.9999999999999998,
                    0.0,
                    0.0
                ],
                [
                    -0.8660254037844387,
                    0.0,
                    -0.4999999999999997,
                    -0.5570572987198827
                ],
                [
                    0.0,
                    0.0,
                    0.0,
                    1.0
                ]
            ]
        },
        {
            "fl_x": 1024.0,
            "fl_y": 1024.0,
            "cx": 512.0,
            "cy": 512.0,
            "w": 1024,
            "h": 1024,
            "file_path": "./images/frame_00031.jpg",
            "transform_matrix": [
                [
                    -0.5591929034707468,
                    0.0,
                    0.8290375725550416,
                    0.8856274218482736
                ],
                [
                    0.0,
                    0.9999999999999998,
                    0.0,
                    0.0
                ],
                [
                    -0.8290375725550417,
                    0.0,
                    -0.5591929034707467,
                    -0.6162502021906298
                ],
                [
                    0.0,
                    0.0,
                    0.0,
                    1.0
                ]
            ]
        },
        {
            "fl_x": 1024.0,
            "fl_y": 1024.0,
            "cx": 512.0,
            "cy": 512.0,
            "w": 1024,
            "h": 1024,
            "file_path": "./images/frame_00032.jpg",
            "transform_matrix": [
                [
                    -0.6156614753256582,
                    0.0,
                    0.7880107536067218,
                    0.8446006028999539
                ],
                [
                    0.0,
                    1.0,
                    0.0,
                    0.0
                ],
                [
                    -0.7880107536067219,
                    0.0,
                    -0.6156614753256583,
                    -0.6727187740455414
                ],
                [
                    0.0,
                    0.0,
                    0.0,
                    1.0
                ]
            ]
        },
        {
            "fl_x": 1024.0,
            "fl_y": 1024.0,
            "cx": 512.0,
            "cy": 512.0,
            "w": 1024,
            "h": 1024,
            "file_path": "./images/frame_00033.jpg",
            "transform_matrix": [
                [
                    -0.6691306063588582,
                    0.0,
                    0.7431448254773941,
                    0.7997346747706262
                ],
                [
                    0.0,
                    1.0,
                    0.0,
                    0.0
                ],
                [
                    -0.7431448254773942,
                    0.0,
                    -0.6691306063588582,
                    -0.7261879050787413
                ],
                [
                    0.0,
                    0.0,
                    0.0,
                    1.0
                ]
            ]
        },
        {
            "fl_x": 1024.0,
            "fl_y": 1024.0,
            "cx": 512.0,
            "cy": 512.0,
            "w": 1024,
            "h": 1024,
            "file_path": "./images/frame_00034.jpg",
            "transform_matrix": [
                [
                    -0.7193398003386511,
                    0.0,
                    0.6946583704589971,
                    0.7512482197522293
                ],
                [
                    0.0,
                    0.9999999999999998,
                    0.0,
                    0.0
                ],
                [
                    -0.6946583704589971,
                    0.0,
                    -0.7193398003386512,
                    -0.7763970990585343
                ],
                [
                    0.0,
                    0.0,
                    0.0,
                    1.0
                ]
            ]
        },
        {
            "fl_x": 1024.0,
            "fl_y": 1024.0,
            "cx": 512.0,
            "cy": 512.0,
            "w": 1024,
            "h": 1024,
            "file_path": "./images/frame_00035.jpg",
            "transform_matrix": [
                [
                    -0.7660444431189779,
                    0.0,
                    0.6427876096865395,
                    0.6993774589797715
                ],
                [
                    0.0,
                    1.0,
                    0.0,
                    0.0
                ],
                [
                    -0.6427876096865395,
                    0.0,
                    -0.7660444431189779,
                    -0.823101741838861
                ],
                [
                    0.0,
                    0.0,
                    0.0,
                    1.0
                ]
            ]
        },
        {
            "fl_x": 1024.0,
            "fl_y": 1024.0,
            "cx": 512.0,
            "cy": 512.0,
            "w": 1024,
            "h": 1024,
            "file_path": "./images/frame_00036.jpg",
            "transform_matrix": [
                [
                    -0.8090169943749473,
                    0.0,
                    0.5877852522924732,
                    0.6443751015857053
                ],
                [
                    0.0,
                    1.0,
                    0.0,
                    0.0
                ],
                [
                    -0.5877852522924732,
                    0.0,
                    -0.8090169943749473,
                    -0.8660742930948304
                ],
                [
                    0.0,
                    0.0,
                    0.0,
                    1.0
                ]
            ]
        },
        {
            "fl_x": 1024.0,
            "fl_y": 1024.0,
            "cx": 512.0,
            "cy": 512.0,
            "w": 1024,
            "h": 1024,
            "file_path": "./images/frame_00037.jpg",
            "transform_matrix": [
                [
                    -0.8480480961564261,
                    0.0,
                    0.5299192642332049,
                    0.5865091135264369
                ],
                [
                    0.0,
                    1.0,
                    0.0,
                    0.0
                ],
                [
                    -0.5299192642332049,
                    0.0,
                    -0.848048096156426,
                    -0.9051053948763089
                ],
                [
                    0.0,
                    0.0,
                    0.0,
                    1.0
                ]
            ]
        },
        {
            "fl_x": 1024.0,
            "fl_y": 1024.0,
            "cx": 512.0,
            "cy": 512.0,
            "w": 1024,
            "h": 1024,
            "file_path": "./images/frame_00038.jpg",
            "transform_matrix": [
                [
                    -0.882947592858927,
                    0.0,
                    0.4694715627858907,
                    0.5260614120791226
                ],
                [
                    0.0,
                    1.0,
                    0.0,
                    0.0
                ],
                [
                    -0.46947156278589064,
                    0.0,
                    -0.8829475928589269,
                    -0.9400048915788097
                ],
                [
                    0.0,
                    0.0,
                    0.0,
                    1.0
                ]
            ]
        },
        {
            "fl_x": 1024.0,
            "fl_y": 1024.0,
            "cx": 512.0,
            "cy": 512.0,
            "w": 1024,
            "h": 1024,
            "file_path": "./images/frame_00039.jpg",
            "transform_matrix": [
                [
                    -0.9135454576426008,
                    0.0,
                    0.40673664307580043,
                    0.46332649236903245
                ],
                [
                    0.0,
                    1.0,
                    0.0,
                    0.0
                ],
                [
                    -0.40673664307580043,
                    0.0,
                    -0.9135454576426009,
                    -0.9706027563624838
                ],
                [
                    0.0,
                    0.0,
                    0.0,
                    1.0
                ]
            ]
        },
        {
            "fl_x": 1024.0,
            "fl_y": 1024.0,
            "cx": 512.0,
            "cy": 512.0,
            "w": 1024,
            "h": 1024,
            "file_path": "./images/frame_00040.jpg",
            "transform_matrix": [
                [
                    -0.9396926207859083,
                    0.0,
                    0.34202014332566893,
                    0.3986099926189008
                ],
                [
                    0.0,
                    0.9999999999999998,
                    0.0,
                    0.0
                ],
                [
                    -0.3420201433256689,
                    0.0,
                    -0.9396926207859083,
                    -0.9967499195057912
                ],
                [
                    0.0,
                    0.0,
                    0.0,
                    1.0
                ]
            ]
        },
        {
            "fl_x": 1024.0,
            "fl_y": 1024.0,
            "cx": 512.0,
            "cy": 512.0,
            "w": 1024,
            "h": 1024,
            "file_path": "./images/frame_00041.jpg",
            "transform_matrix": [
                [
                    -0.9612616959383189,
                    0.0,
                    0.2756373558169992,
                    0.3322272051102311
                ],
                [
                    0.0,
                    1.0,
                    0.0,
                    0.0
                ],
                [
                    -0.27563735581699916,
                    0.0,
                    -0.9612616959383188,
                    -1.0183189946582016
                ],
                [
                    0.0,
                    0.0,
                    0.0,
                    1.0
                ]
            ]
        },
        {
            "fl_x": 1024.0,
            "fl_y": 1024.0,
            "cx": 512.0,
            "cy": 512.0,
            "w": 1024,
            "h": 1024,
            "file_path": "./images/frame_00042.jpg",
            "transform_matrix": [
                [
                    -0.9781476007338056,
                    0.0,
                    0.2079116908177593,
                    0.2645015401109913
                ],
                [
                    0.0,
                    0.9999999999999998,
                    0.0,
                    0.0
                ],
                [
                    -0.2079116908177593,
                    0.0,
                    -0.9781476007338057,
                    -1.0352048994536889
                ],
                [
                    0.0,
                    0.0,
                    0.0,
                    1.0
                ]
            ]
        },
        {
            "fl_x": 1024.0,
            "fl_y": 1024.0,
            "cx": 512.0,
            "cy": 512.0,
            "w": 1024,
            "h": 1024,
            "file_path": "./images/frame_00043.jpg",
            "transform_matrix": [
                [
                    -0.9902680687415703,
                    0.0,
                    0.13917310096006533,
                    0.1957629502532973
                ],
                [
                    0.0,
                    1.0,
                    0.0,
                    0.0
                ],
                [
                    -0.13917310096006533,
                    0.0,
                    -0.9902680687415704,
                    -1.0473253674614533
                ],
                [
                    0.0,
                    0.0,
                    0.0,
                    1.0
                ]
            ]
        },
        {
            "fl_x": 1024.0,
            "fl_y": 1024.0,
            "cx": 512.0,
            "cy": 512.0,
            "w": 1024,
            "h": 1024,
            "file_path": "./images/frame_00044.jpg",
            "transform_matrix": [
                [
                    -0.9975640502598241,
                    0.0,
                    0.06975647374412551,
                    0.1263463230373575
                ],
                [
                    0.0,
                    0.9999999999999998,
                    0.0,
                    0.0
                ],
                [
                    -0.06975647374412552,
                    0.0,
                    -0.9975640502598241,
                    -1.054621348979707
                ],
                [
                    0.0,
                    0.0,
                    0.0,
                    1.0
                ]
            ]
        },
        {
            "fl_x": 1024.0,
            "fl_y": 1024.0,
            "cx": 512.0,
            "cy": 512.0,
            "w": 1024,
            "h": 1024,
            "file_path": "./images/frame_00045.jpg",
            "transform_matrix": [
                [
                    -1.0,
                    0.0,
                    1.249000902703301e-16,
                    0.05658984929323209
                ],
                [
                    0.0,
                    1.0,
                    0.0,
                    0.0
                ],
                [
                    -1.249000902703301e-16,
                    0.0,
                    -1.0,
                    -1.057057298719883
                ],
                [
                    0.0,
                    0.0,
                    0.0,
                    1.0
                ]
            ]
        },
        {
            "fl_x": 1024.0,
            "fl_y": 1024.0,
            "cx": 512.0,
            "cy": 512.0,
            "w": 1024,
            "h": 1024,
            "file_path": "./images/frame_00046.jpg",
            "transform_matrix": [
                [
                    -0.9975640502598242,
                    0.0,
                    -0.06975647374412527,
                    -0.013166624450893291
                ],
                [
                    0.0,
                    0.9999999999999998,
                    0.0,
                    0.0
                ],
                [
                    0.06975647374412527,
                    0.0,
                    -0.9975640502598241,
                    -1.054621348979707
                ],
                [
                    0.0,
                    0.0,
                    0.0,
                    1.0
                ]
            ]
        },
        {
            "fl_x": 1024.0,
            "fl_y": 1024.0,
            "cx": 512.0,
            "cy": 512.0,
            "w": 1024,
            "h": 1024,
            "file_path": "./images/frame_00047.jpg",
            "transform_matrix": [
                [
                    -0.9902680687415703,
                    0.0,
                    -0.13917310096006555,
                    -0.08258325166683356
                ],
                [
                    0.0,
                    0.9999999999999998,
                    0.0,
                    0.0
                ],
                [
                    0.13917310096006555,
                    0.0,
                    -0.9902680687415704,
                    -1.047325367461453
                ],
                [
                    0.0,
                    0.0,
                    0.0,
                    1.0
                ]
            ]
        },
        {
            "fl_x": 1024.0,
            "fl_y": 1024.0,
            "cx": 512.0,
            "cy": 512.0,
            "w": 1024,
            "h": 1024,
            "file_path": "./images/frame_00048.jpg",
            "transform_matrix": [
                [
                    -0.9781476007338055,
                    0.0,
                    -0.20791169081775948,
                    -0.1513218415245275
                ],
                [
                    0.0,
                    0.9999999999999998,
                    0.0,
                    0.0
                ],
                [
                    0.20791169081775945,
                    0.0,
                    -0.9781476007338055,
                    -1.0352048994536884
                ],
                [
                    0.0,
                    0.0,
                    0.0,
                    1.0
                ]
            ]
        },
        {
            "fl_x": 1024.0,
            "fl_y": 1024.0,
            "cx": 512.0,
            "cy": 512.0,
            "w": 1024,
            "h": 1024,
            "file_path": "./images/frame_00049.jpg",
            "transform_matrix": [
                [
                    -0.9612616959383189,
                    0.0,
                    -0.275637355816999,
                    -0.21904750652376703
                ],
                [
                    0.0,
                    1.0,
                    0.0,
                    0.0
                ],
                [
                    0.275637355816999,
                    0.0,
                    -0.9612616959383189,
                    -1.0183189946582019
                ],
                [
                    0.0,
                    0.0,
                    0.0,
                    1.0
                ]
            ]
        },
        {
            "fl_x": 1024.0,
            "fl_y": 1024.0,
            "cx": 512.0,
            "cy": 512.0,
            "w": 1024,
            "h": 1024,
            "file_path": "./images/frame_00050.jpg",
            "transform_matrix": [
                [
                    -0.9396926207859084,
                    0.0,
                    -0.34202014332566866,
                    -0.28543029403243675
                ],
                [
                    0.0,
                    1.0,
                    0.0,
                    0.0
                ],
                [
                    0.34202014332566866,
                    0.0,
                    -0.9396926207859084,
                    -0.9967499195057916
                ],
                [
                    0.0,
                    0.0,
                    0.0,
                    1.0
                ]
            ]
        },
        {
            "fl_x": 1024.0,
            "fl_y": 1024.0,
            "cx": 512.0,
            "cy": 512.0,
            "w": 1024,
            "h": 1024,
            "file_path": "./images/frame_00051.jpg",
            "transform_matrix": [
                [
                    -0.9135454576426009,
                    0.0,
                    -0.40673664307580026,
                    -0.35014679378256824
                ],
                [
                    0.0,
                    0.9999999999999998,
                    0.0,
                    0.0
                ],
                [
                    0.40673664307580015,
                    0.0,
                    -0.9135454576426009,
                    -0.9706027563624838
                ],
                [
                    0.0,
                    0.0,
                    0.0,
                    1.0
                ]
            ]
        },
        {
            "fl_x": 1024.0,
            "fl_y": 1024.0,
            "cx": 512.0,
            "cy": 512.0,
            "w": 1024,
            "h": 1024,
            "file_path": "./images/frame_00052.jpg",
            "transform_matrix": [
                [
                    -0.8829475928589269,
                    0.0,
                    -0.46947156278589086,
                    -0.41288171349265884
                ],
                [
                    0.0,
                    1.0,
                    0.0,
                    0.0
                ],
                [
                    0.46947156278589086,
                    0.0,
                    -0.8829475928589269,
                    -0.9400048915788097
                ],
                [
                    0.0,
                    0.0,
                    0.0,
                    1.0
                ]
            ]
        },
        {
            "fl_x": 1024.0,
            "fl_y": 1024.0,
            "cx": 512.0,
            "cy": 512.0,
            "w": 1024,
            "h": 1024,
            "file_path": "./images/frame_00053.jpg",
            "transform_matrix": [
                [
                    -0.8480480961564262,
                    0.0,
                    -0.5299192642332048,
                    -0.4733294149399728
                ],
                [
                    0.0,
                    1.0,
                    0.0,
                    0.0
                ],
                [
                    0.5299192642332048,
                    0.0,
                    -0.8480480961564261,
                    -0.905105394876309
                ],
                [
                    0.0,
                    0.0,
                    0.0,
                    1.0
                ]
            ]
        },
        {
            "fl_x": 1024.0,
            "fl_y": 1024.0,
            "cx": 512.0,
            "cy": 512.0,
            "w": 1024,
            "h": 1024,
            "file_path": "./images/frame_00054.jpg",
            "transform_matrix": [
                [
                    -0.8090169943749475,
                    0.0,
                    -0.5877852522924729,
                    -0.5311954029992411
                ],
                [
                    0.0,
                    1.0,
                    0.0,
                    0.0
                ],
                [
                    0.587785252292473,
                    0.0,
                    -0.8090169943749475,
                    -0.8660742930948305
                ],
                [
                    0.0,
                    0.0,
                    0.0,
                    1.0
                ]
            ]
        },
        {
            "fl_x": 1024.0,
            "fl_y": 1024.0,
            "cx": 512.0,
            "cy": 512.0,
            "w": 1024,
            "h": 1024,
            "file_path": "./images/frame_00055.jpg",
            "transform_matrix": [
                [
                    -0.7660444431189779,
                    0.0,
                    -0.6427876096865393,
                    -0.5861977603933072
                ],
                [
                    0.0,
                    1.0,
                    0.0,
                    0.0
                ],
                [
                    0.6427876096865393,
                    0.0,
                    -0.766044443118978,
                    -0.8231017418388609
                ],
                [
                    0.0,
                    0.0,
                    0.0,
                    1.0
                ]
            ]
        },
        {
            "fl_x": 1024.0,
            "fl_y": 1024.0,
            "cx": 512.0,
            "cy": 512.0,
            "w": 1024,
            "h": 1024,
            "file_path": "./images/frame_00056.jpg",
            "transform_matrix": [
                [
                    -0.719339800338651,
                    0.0,
                    -0.6946583704589974,
                    -0.6380685211657653
                ],
                [
                    0.0,
                    1.0,
                    0.0,
                    0.0
                ],
                [
                    0.6946583704589974,
                    0.0,
                    -0.7193398003386511,
                    -0.7763970990585339
                ],
                [
                    0.0,
                    0.0,
                    0.0,
                    1.0
                ]
            ]
        },
        {
            "fl_x": 1024.0,
            "fl_y": 1024.0,
            "cx": 512.0,
            "cy": 512.0,
            "w": 1024,
            "h": 1024,
            "file_path": "./images/frame_00057.jpg",
            "transform_matrix": [
                [
                    -0.6691306063588581,
                    0.0,
                    -0.7431448254773944,
                    -0.6865549761841625
                ],
                [
                    0.0,
                    1.0,
                    0.0,
                    0.0
                ],
                [
                    0.7431448254773944,
                    0.0,
                    -0.6691306063588581,
                    -0.7261879050787411
                ],
                [
                    0.0,
                    0.0,
                    0.0,
                    1.0
                ]
            ]
        },
        {
            "fl_x": 1024.0,
            "fl_y": 1024.0,
            "cx": 512.0,
            "cy": 512.0,
            "w": 1024,
            "h": 1024,
            "file_path": "./images/frame_00058.jpg",
            "transform_matrix": [
                [
                    -0.6156614753256581,
                    0.0,
                    -0.7880107536067221,
                    -0.73142090431349
                ],
                [
                    0.0,
                    1.0,
                    0.0,
                    0.0
                ],
                [
                    0.7880107536067221,
                    0.0,
                    -0.6156614753256581,
                    -0.672718774045541
                ],
                [
                    0.0,
                    0.0,
                    0.0,
                    1.0
                ]
            ]
        },
        {
            "fl_x": 1024.0,
            "fl_y": 1024.0,
            "cx": 512.0,
            "cy": 512.0,
            "w": 1024,
            "h": 1024,
            "file_path": "./images/frame_00059.jpg",
            "transform_matrix": [
                [
                    -0.5591929034707467,
                    0.0,
                    -0.8290375725550418,
                    -0.7724477232618099
                ],
                [
                    0.0,
                    1.0,
                    0.0,
                    0.0
                ],
                [
                    0.829037572555042,
                    0.0,
                    -0.5591929034707466,
                    -0.6162502021906295
                ],
                [
                    0.0,
                    0.0,
                    0.0,
                    1.0
                ]
            ]
        },
        {
            "fl_x": 1024.0,
            "fl_y": 1024.0,
            "cx": 512.0,
            "cy": 512.0,
            "w": 1024,
            "h": 1024,
            "file_path": "./images/frame_00060.jpg",
            "transform_matrix": [
                [
                    -0.5000000000000004,
                    0.0,
                    -0.8660254037844384,
                    -0.8094355544912064
                ],
                [
                    0.0,
                    1.0,
                    0.0,
                    0.0
                ],
                [
                    0.8660254037844384,
                    0.0,
                    -0.5000000000000004,
                    -0.5570572987198834
                ],
                [
                    0.0,
                    0.0,
                    0.0,
                    1.0
                ]
            ]
        },
        {
            "fl_x": 1024.0,
            "fl_y": 1024.0,
            "cx": 512.0,
            "cy": 512.0,
            "w": 1024,
            "h": 1024,
            "file_path": "./images/frame_00061.jpg",
            "transform_matrix": [
                [
                    -0.4383711467890777,
                    0.0,
                    -0.8987940462991668,
                    -0.8422041970059349
                ],
                [
                    0.0,
                    1.0,
                    0.0,
                    0.0
                ],
                [
                    0.8987940462991667,
                    0.0,
                    -0.43837114678907774,
                    -0.4954284455089607
                ],
                [
                    0.0,
                    0.0,
                    0.0,
                    1.0
                ]
            ]
        },
        {
            "fl_x": 1024.0,
            "fl_y": 1024.0,
            "cx": 512.0,
            "cy": 512.0,
            "w": 1024,
            "h": 1024,
            "file_path": "./images/frame_00062.jpg",
            "transform_matrix": [
                [
                    -0.3746065934159123,
                    0.0,
                    -0.9271838545667873,
                    -0.8705940052735553
                ],
                [
                    0.0,
                    1.0,
                    0.0,
                    0.0
                ],
                [
                    0.9271838545667873,
                    0.0,
                    -0.3746065934159123,
                    -0.43166389213579526
                ],
                [
                    0.0,
                    0.0,
                    0.0,
                    1.0
                ]
            ]
        },
        {
            "fl_x": 1024.0,
            "fl_y": 1024.0,
            "cx": 512.0,
            "cy": 512.0,
            "w": 1024,
            "h": 1024,
            "file_path": "./images/frame_00063.jpg",
            "transform_matrix": [
                [
                    -0.3090169943749476,
                    0.0,
                    -0.9510565162951535,
                    -0.8944666670019216
                ],
                [
                    0.0,
                    1.0,
                    0.0,
                    0.0
                ],
                [
                    0.9510565162951536,
                    0.0,
                    -0.30901699437494756,
                    -0.3660742930948305
                ],
                [
                    0.0,
                    0.0,
                    0.0,
                    1.0
                ]
            ]
        },
        {
            "fl_x": 1024.0,
            "fl_y": 1024.0,
            "cx": 512.0,
            "cy": 512.0,
            "w": 1024,
            "h": 1024,
            "file_path": "./images/frame_00064.jpg",
            "transform_matrix": [
                [
                    -0.24192189559966779,
                    0.0,
                    -0.9702957262759964,
                    -0.9137058769827645
                ],
                [
                    0.0,
                    1.0,
                    0.0,
                    0.0
                ],
                [
                    0.9702957262759964,
                    0.0,
                    -0.2419218955996678,
                    -0.2989791943195508
                ],
                [
                    0.0,
                    0.0,
                    0.0,
                    1.0
                ]
            ]
        },
        {
            "fl_x": 1024.0,
            "fl_y": 1024.0,
            "cx": 512.0,
            "cy": 512.0,
            "w": 1024,
            "h": 1024,
            "file_path": "./images/frame_00065.jpg",
            "transform_matrix": [
                [
                    -0.17364817766693033,
                    0.0,
                    -0.984807753012208,
                    -0.9282179037189761
                ],
                [
                    0.0,
                    0.9999999999999998,
                    0.0,
                    0.0
                ],
                [
                    0.9848077530122079,
                    0.0,
                    -0.17364817766693033,
                    -0.2307054763868133
                ],
                [
                    0.0,
                    0.0,
                    0.0,
                    1.0
                ]
            ]
        },
        {
            "fl_x": 1024.0,
            "fl_y": 1024.0,
            "cx": 512.0,
            "cy": 512.0,
            "w": 1024,
            "h": 1024,
            "file_path": "./images/frame_00066.jpg",
            "transform_matrix": [
                [
                    -0.10452846326765335,
                    0.0,
                    -0.9945218953682733,
                    -0.9379320460750414
                ],
                [
                    0.0,
                    0.9999999999999998,
                    0.0,
                    0.0
                ],
                [
                    0.9945218953682733,
                    0.0,
                    -0.10452846326765336,
                    -0.16158576198753632
                ],
                [
                    0.0,
                    0.0,
                    0.0,
                    1.0
                ]
            ]
        },
        {
            "fl_x": 1024.0,
            "fl_y": 1024.0,
            "cx": 512.0,
            "cy": 512.0,
            "w": 1024,
            "h": 1024,
            "file_path": "./images/frame_00067.jpg",
            "transform_matrix": [
                [
                    -0.03489949670250075,
                    0.0,
                    -0.9993908270190957,
                    -0.9428009777258638
                ],
                [
                    0.0,
                    1.0,
                    0.0,
                    0.0
                ],
                [
                    0.9993908270190957,
                    0.0,
                    -0.03489949670250075,
                    -0.0919567954223837
                ],
                [
                    0.0,
                    0.0,
                    0.0,
                    1.0
                ]
            ]
        },
        {
            "fl_x": 1024.0,
            "fl_y": 1024.0,
            "cx": 512.0,
            "cy": 512.0,
            "w": 1024,
            "h": 1024,
            "file_path": "./images/frame_00068.jpg",
            "transform_matrix": [
                [
                    0.034899496702501275,
                    0.0,
                    -0.9993908270190957,
                    -0.9428009777258638
                ],
                [
                    0.0,
                    1.0,
                    0.0,
                    0.0
                ],
                [
                    0.9993908270190957,
                    0.0,
                    0.034899496702501275,
                    -0.022157802017381684
                ],
                [
                    0.0,
                    0.0,
                    0.0,
                    1.0
                ]
            ]
        },
        {
            "fl_x": 1024.0,
            "fl_y": 1024.0,
            "cx": 512.0,
            "cy": 512.0,
            "w": 1024,
            "h": 1024,
            "file_path": "./images/frame_00069.jpg",
            "transform_matrix": [
                [
                    0.10452846326765299,
                    0.0,
                    -0.9945218953682734,
                    -0.9379320460750414
                ],
                [
                    0.0,
                    1.0,
                    0.0,
                    0.0
                ],
                [
                    0.9945218953682733,
                    0.0,
                    0.10452846326765299,
                    0.047471164547770034
                ],
                [
                    0.0,
                    0.0,
                    0.0,
                    1.0
                ]
            ]
        },
        {
            "fl_x": 1024.0,
            "fl_y": 1024.0,
            "cx": 512.0,
            "cy": 512.0,
            "w": 1024,
            "h": 1024,
            "file_path": "./images/frame_00070.jpg",
            "transform_matrix": [
                [
                    0.17364817766692997,
                    0.0,
                    -0.9848077530122081,
                    -0.9282179037189762
                ],
                [
                    0.0,
                    1.0,
                    0.0,
                    0.0
                ],
                [
                    0.9848077530122081,
                    0.0,
                    0.17364817766692997,
                    0.11659087894704703
                ],
                [
                    0.0,
                    0.0,
                    0.0,
                    1.0
                ]
            ]
        },
        {
            "fl_x": 1024.0,
            "fl_y": 1024.0,
            "cx": 512.0,
            "cy": 512.0,
            "w": 1024,
            "h": 1024,
            "file_path": "./images/frame_00071.jpg",
            "transform_matrix": [
                [
                    0.24192189559966745,
                    0.0,
                    -0.9702957262759965,
                    -0.9137058769827646
                ],
                [
                    0.0,
                    0.9999999999999998,
                    0.0,
                    0.0
                ],
                [
                    0.9702957262759966,
                    0.0,
                    0.24192189559966745,
                    0.18486459687978452
                ],
                [
                    0.0,
                    0.0,
                    0.0,
                    1.0
                ]
            ]
        },
        {
            "fl_x": 1024.0,
            "fl_y": 1024.0,
            "cx": 512.0,
            "cy": 512.0,
            "w": 1024,
            "h": 1024,
            "file_path": "./images/frame_00072.jpg",
            "transform_matrix": [
                [
                    0.30901699437494723,
                    0.0,
                    -0.9510565162951536,
                    -0.8944666670019217
                ],
                [
                    0.0,
                    1.0,
                    0.0,
                    0.0
                ],
                [
                    0.9510565162951536,
                    0.0,
                    0.30901699437494723,
                    0.25195969565506426
                ],
                [
                    0.0,
                    0.0,
                    0.0,
                    1.0
                ]
            ]
        },
        {
            "fl_x": 1024.0,
            "fl_y": 1024.0,
            "cx": 512.0,
            "cy": 512.0,
            "w": 1024,
            "h": 1024,
            "file_path": "./images/frame_00073.jpg",
            "transform_matrix": [
                [
                    0.374606593415912,
                    0.0,
                    -0.9271838545667874,
                    -0.8705940052735555
                ],
                [
                    0.0,
                    1.0,
                    0.0,
                    0.0
                ],
                [
                    0.9271838545667875,
                    0.0,
                    0.37460659341591196,
                    0.317549294696029
                ],
                [
                    0.0,
                    0.0,
                    0.0,
                    1.0
                ]
            ]
        },
        {
            "fl_x": 1024.0,
            "fl_y": 1024.0,
            "cx": 512.0,
            "cy": 512.0,
            "w": 1024,
            "h": 1024,
            "file_path": "./images/frame_00074.jpg",
            "transform_matrix": [
                [
                    0.43837114678907735,
                    0.0,
                    -0.898794046299167,
                    -0.8422041970059352
                ],
                [
                    0.0,
                    1.0,
                    0.0,
                    0.0
                ],
                [
                    0.8987940462991669,
                    0.0,
                    0.4383711467890773,
                    0.3813138480691943
                ],
                [
                    0.0,
                    0.0,
                    0.0,
                    1.0
                ]
            ]
        },
        {
            "fl_x": 1024.0,
            "fl_y": 1024.0,
            "cx": 512.0,
            "cy": 512.0,
            "w": 1024,
            "h": 1024,
            "file_path": "./images/frame_00075.jpg",
            "transform_matrix": [
                [
                    0.5000000000000001,
                    0.0,
                    -0.8660254037844386,
                    -0.8094355544912066
                ],
                [
                    0.0,
                    1.0,
                    0.0,
                    0.0
                ],
                [
                    0.8660254037844385,
                    0.0,
                    0.5000000000000001,
                    0.44294270128011715
                ],
                [
                    0.0,
                    0.0,
                    0.0,
                    1.0
                ]
            ]
        },
        {
            "fl_x": 1024.0,
            "fl_y": 1024.0,
            "cx": 512.0,
            "cy": 512.0,
            "w": 1024,
            "h": 1024,
            "file_path": "./images/frame_00076.jpg",
            "transform_matrix": [
                [
                    0.559192903470747,
                    0.0,
                    -0.8290375725550414,
                    -0.7724477232618095
                ],
                [
                    0.0,
                    1.0,
                    0.0,
                    0.0
                ],
                [
                    0.8290375725550416,
                    0.0,
                    0.559192903470747,
                    0.5021356047508642
                ],
                [
                    0.0,
                    0.0,
                    0.0,
                    1.0
                ]
            ]
        },
        {
            "fl_x": 1024.0,
            "fl_y": 1024.0,
            "cx": 512.0,
            "cy": 512.0,
            "w": 1024,
            "h": 1024,
            "file_path": "./images/frame_00077.jpg",
            "transform_matrix": [
                [
                    0.6156614753256585,
                    0.0,
                    -0.7880107536067218,
                    -0.7314209043134898
                ],
                [
                    0.0,
                    1.0,
                    0.0,
                    0.0
                ],
                [
                    0.7880107536067218,
                    0.0,
                    0.6156614753256585,
                    0.5586041766057755
                ],
                [
                    0.0,
                    0.0,
                    0.0,
                    1.0
                ]
            ]
        },
        {
            "fl_x": 1024.0,
            "fl_y": 1024.0,
            "cx": 512.0,
            "cy": 512.0,
            "w": 1024,
            "h": 1024,
            "file_path": "./images/frame_00078.jpg",
            "transform_matrix": [
                [
                    0.6691306063588577,
                    0.0,
                    -0.7431448254773946,
                    -0.6865549761841626
                ],
                [
                    0.0,
                    0.9999999999999998,
                    0.0,
                    0.0
                ],
                [
                    0.7431448254773945,
                    0.0,
                    0.6691306063588577,
                    0.6120733076389748
                ],
                [
                    0.0,
                    0.0,
                    0.0,
                    1.0
                ]
            ]
        },
        {
            "fl_x": 1024.0,
            "fl_y": 1024.0,
            "cx": 512.0,
            "cy": 512.0,
            "w": 1024,
            "h": 1024,
            "file_path": "./images/frame_00079.jpg",
            "transform_matrix": [
                [
                    0.7193398003386507,
                    0.0,
                    -0.6946583704589976,
                    -0.6380685211657656
                ],
                [
                    0.0,
                    1.0,
                    0.0,
                    0.0
                ],
                [
                    0.6946583704589976,
                    0.0,
                    0.7193398003386509,
                    0.6622825016187678
                ],
                [
                    0.0,
                    0.0,
                    0.0,
                    1.0
                ]
            ]
        },
        {
            "fl_x": 1024.0,
            "fl_y": 1024.0,
            "cx": 512.0,
            "cy": 512.0,
            "w": 1024,
            "h": 1024,
            "file_path": "./images/frame_00080.jpg",
            "transform_matrix": [
                [
                    0.7660444431189778,
                    0.0,
                    -0.6427876096865396,
                    -0.5861977603933076
                ],
                [
                    0.0,
                    1.0,
                    0.0,
                    0.0
                ],
                [
                    0.6427876096865396,
                    0.0,
                    0.7660444431189778,
                    0.7089871443990948
                ],
                [
                    0.0,
                    0.0,
                    0.0,
                    1.0
                ]
            ]
        },
        {
            "fl_x": 1024.0,
            "fl_y": 1024.0,
            "cx": 512.0,
            "cy": 512.0,
            "w": 1024,
            "h": 1024,
            "file_path": "./images/frame_00081.jpg",
            "transform_matrix": [
                [
                    0.8090169943749472,
                    0.0,
                    -0.5877852522924732,
                    -0.5311954029992414
                ],
                [
                    0.0,
                    0.9999999999999998,
                    0.0,
                    0.0
                ],
                [
                    0.5877852522924732,
                    0.0,
                    0.8090169943749472,
                    0.7519596956550644
                ],
                [
                    0.0,
                    0.0,
                    0.0,
                    1.0
                ]
            ]
        },
        {
            "fl_x": 1024.0,
            "fl_y": 1024.0,
            "cx": 512.0,
            "cy": 512.0,
            "w": 1024,
            "h": 1024,
            "file_path": "./images/frame_00082.jpg",
            "transform_matrix": [
                [
                    0.848048096156426,
                    0.0,
                    -0.529919264233205,
                    -0.47332941493997305
                ],
                [
                    0.0,
                    1.0,
                    0.0,
                    0.0
                ],
                [
                    0.529919264233205,
                    0.0,
                    0.848048096156426,
                    0.790990797436543
                ],
                [
                    0.0,
                    0.0,
                    0.0,
                    1.0
                ]
            ]
        },
        {
            "fl_x": 1024.0,
            "fl_y": 1024.0,
            "cx": 512.0,
            "cy": 512.0,
            "w": 1024,
            "h": 1024,
            "file_path": "./images/frame_00083.jpg",
            "transform_matrix": [
                [
                    0.8829475928589269,
                    0.0,
                    -0.46947156278589075,
                    -0.41288171349265884
                ],
                [
                    0.0,
                    0.9999999999999998,
                    0.0,
                    0.0
                ],
                [
                    0.46947156278589075,
                    0.0,
                    0.8829475928589269,
                    0.8258902941390439
                ],
                [
                    0.0,
                    0.0,
                    0.0,
                    1.0
                ]
            ]
        },
        {
            "fl_x": 1024.0,
            "fl_y": 1024.0,
            "cx": 512.0,
            "cy": 512.0,
            "w": 1024,
            "h": 1024,
            "file_path": "./images/frame_00084.jpg",
            "transform_matrix": [
                [
                    0.913545457642601,
                    0.0,
                    -0.4067366430758001,
                    -0.35014679378256813
                ],
                [
                    0.0,
                    1.0,
                    0.0,
                    0.0
                ],
                [
                    0.40673664307580004,
                    0.0,
                    0.9135454576426009,
                    0.8564881589227179
                ],
                [
                    0.0,
                    0.0,
                    0.0,
                    1.0
                ]
            ]
        },
        {
            "fl_x": 1024.0,
            "fl_y": 1024.0,
            "cx": 512.0,
            "cy": 512.0,
            "w": 1024,
            "h": 1024,
            "file_path": "./images/frame_00085.jpg",
            "transform_matrix": [
                [
                    0.9396926207859084,
                    0.0,
                    -0.3420201433256686,
                    -0.28543029403243664
                ],
                [
                    0.0,
                    1.0,
                    0.0,
                    0.0
                ],
                [
                    0.3420201433256686,
                    0.0,
                    0.9396926207859084,
                    0.8826353220660255
                ],
                [
                    0.0,
                    0.0,
                    0.0,
                    1.0
                ]
            ]
        },
        {
            "fl_x": 1024.0,
            "fl_y": 1024.0,
            "cx": 512.0,
            "cy": 512.0,
            "w": 1024,
            "h": 1024,
            "file_path": "./images/frame_00086.jpg",
            "transform_matrix": [
                [
                    0.9612616959383189,
                    0.0,
                    -0.27563735581699894,
                    -0.21904750652376692
                ],
                [
                    0.0,
                    0.9999999999999998,
                    0.0,
                    0.0
                ],
                [
                    0.27563735581699894,
                    0.0,
                    0.9612616959383188,
                    0.9042043972184357
                ],
                [
                    0.0,
                    0.0,
                    0.0,
                    1.0
                ]
            ]
        },
        {
            "fl_x": 1024.0,
            "fl_y": 1024.0,
            "cx": 512.0,
            "cy": 512.0,
            "w": 1024,
            "h": 1024,
            "file_path": "./images/frame_00087.jpg",
            "transform_matrix": [
                [
                    0.9781476007338055,
                    0.0,
                    -0.20791169081775984,
                    -0.1513218415245279
                ],
                [
                    0.0,
                    0.9999999999999998,
                    0.0,
                    0.0
                ],
                [
                    0.20791169081775984,
                    0.0,
                    0.9781476007338055,
                    0.9210903020139226
                ],
                [
                    0.0,
                    0.0,
                    0.0,
                    1.0
                ]
            ]
        },
        {
            "fl_x": 1024.0,
            "fl_y": 1024.0,
            "cx": 512.0,
            "cy": 512.0,
            "w": 1024,
            "h": 1024,
            "file_path": "./images/frame_00088.jpg",
            "transform_matrix": [
                [
                    0.9902680687415703,
                    0.0,
                    -0.13917310096006588,
                    -0.08258325166683393
                ],
                [
                    0.0,
                    1.0,
                    0.0,
                    0.0
                ],
                [
                    0.13917310096006588,
                    0.0,
                    0.9902680687415704,
                    0.9332107700216874
                ],
                [
                    0.0,
                    0.0,
                    0.0,
                    1.0
                ]
            ]
        },
        {
            "fl_x": 1024.0,
            "fl_y": 1024.0,
            "cx": 512.0,
            "cy": 512.0,
            "w": 1024,
            "h": 1024,
            "file_path": "./images/frame_00089.jpg",
            "transform_matrix": [
                [
                    0.9975640502598242,
                    0.0,
                    -0.06975647374412565,
                    -0.013166624450893684
                ],
                [
                    0.0,
                    1.0,
                    0.0,
                    0.0
                ],
                [
                    0.06975647374412565,
                    0.0,
                    0.9975640502598243,
                    0.9405067515399415
                ],
                [
                    0.0,
                    0.0,
                    0.0,
                    1.0
                ]
            ]
        }
    ]
}